,gender,age,fitness_level,exercise_frequency,participate_running,participate_gym,participate_team,participate_dance,participate_yoga,participate_swimming,participate_lifting_weights,time_of_exercise_afternoon,time_of_exercise_evening,health,area,x_coordinate,y_coordinate,time_of_exercise_early_morning
0,1,1,2,0,0,0,0,0,0,0,0,0,0,0,0.0,16.464405117819744,11.236203565420874,1
1,1,1,3,0,1,0,0,0,0,1,0,0,0,0,0.0,21.455680991172585,28.521429192297486,1
2,1,0,2,1,1,0,0,0,0,0,0,0,0,0,0.0,18.082901282149315,21.959818254342153,1
3,1,0,2,3,1,1,0,0,0,0,1,0,1,0,0.0,16.346495489906907,17.959754525911098,0
4,1,1,0,0,0,0,0,0,0,0,0,0,1,0,0.0,12.709643980167142,4.680559213273096,0
5,1,4,1,3,1,0,0,0,1,0,0,0,1,0,0.0,19.376823391999682,4.679835610086079,0
6,0,4,2,1,1,0,0,0,0,0,0,0,0,0,0.0,13.127616337880776,1.7425083650459838,1
7,1,0,0,0,1,0,0,0,0,0,0,0,0,0,0.0,26.753190023462395,25.985284373248057,1
8,0,1,0,3,0,1,1,0,0,0,0,0,1,0,0.0,28.90988281503088,18.033450352296263,0
9,0,0,3,5,0,1,0,0,0,0,0,0,0,0,0.0,11.503245564773332,21.242177333881365,1
10,0,0,3,3,1,0,1,0,0,0,0,0,0,0,0.0,23.75175114247994,0.6175348288740734,1
11,0,1,0,3,1,0,0,0,0,0,0,0,0,0,0.0,15.866847592587135,29.09729556485983,1
12,0,0,0,0,0,0,0,0,0,0,0,0,1,0,0.0,17.04133683281797,24.973279224012654,0
13,1,0,1,1,1,0,0,0,0,0,0,0,1,1,0.0,27.767899148779833,6.370173320348284,0
14,0,1,1,1,1,0,0,0,0,0,0,0,1,1,0.0,2.1310817459366085,5.454749016213018,0
15,1,0,1,5,1,0,0,0,1,0,0,0,0,0,0.0,2.6138789910462212,5.502135295603015,1
16,0,0,0,0,1,0,0,0,0,0,0,0,1,0,0.0,0.6065519232097716,9.127267288786133,0
17,0,0,2,1,1,0,1,0,0,0,0,0,0,0,0.0,24.97859536643814,15.742692948967136,1
18,0,1,0,0,1,0,0,0,0,0,0,0,0,1,0.0,23.344702528495514,12.958350559263472,1
19,0,0,2,5,1,0,0,0,0,0,0,0,0,0,0.0,26.100364447404576,8.736874205941257,1
20,0,1,1,2,1,1,0,0,0,0,0,0,0,0,0.0,29.35855026698292,18.355586841671386,1
21,0,1,2,0,1,0,0,0,0,0,0,0,1,0,0.0,23.97475692650171,4.184815819561255,0
22,0,4,0,0,0,0,0,0,0,0,0,0,0,0,0.0,13.844380867587954,8.764339456056545,1
23,0,0,1,1,1,0,1,0,0,0,0,0,1,0,0.0,23.415875288593664,10.99085529881075,0
24,0,1,1,3,0,0,1,0,0,0,0,0,1,0,0.0,3.5482327760679966,13.682099526511077,0
25,1,0,0,2,0,0,0,1,0,0,0,0,1,0,0.0,19.197630639825714,23.555278841790408,0
26,0,1,2,1,1,0,0,0,0,0,0,0,0,0,0.0,4.300598622271393,5.990213464750792,1
27,1,1,1,1,0,0,0,0,1,0,0,0,0,0,0.0,28.34006751148752,15.427033152408349,1
28,0,0,2,5,1,1,1,0,0,0,1,0,1,0,0.0,15.655449652502151,17.772437065861276,0
29,0,0,3,5,1,1,0,0,0,0,1,0,1,0,0.0,12.439858199715708,1.3935123815999317,0
30,1,1,2,3,0,0,0,0,1,0,0,0,0,0,0.0,7.936668363138809,18.22634555704315,1
31,1,1,1,1,1,0,0,0,1,0,0,0,0,0,0.0,23.2270106830265,5.115723710618746,1
32,1,1,1,3,0,1,0,0,0,0,0,0,0,0,0.0,13.684509966496456,1.9515477895583855,1
33,0,0,1,3,1,1,0,0,1,0,1,0,1,0,0.0,17.053018466059456,28.466566117599996,0
34,0,1,0,1,0,0,0,0,1,0,0,0,0,0,0.0,0.5636940130906543,28.96896099223678,1
35,0,0,2,5,0,1,0,0,0,1,0,0,0,0,0.0,18.52906491227631,24.251920443493834,1
36,1,1,1,5,0,1,0,0,0,1,0,0,1,0,0.0,18.362871681672644,9.13841307520112,0
37,0,1,2,2,0,1,0,0,0,0,0,0,0,0,0.0,18.50801990624271,2.930163420191516,1
38,1,0,2,5,0,1,1,0,0,0,0,0,0,0,0.0,28.312442355438726,20.526990795364707,1
39,0,1,3,4,0,1,1,0,0,0,1,0,0,0,0.0,20.454608973104502,13.204574812188039,1
40,1,0,1,1,1,0,0,0,0,0,0,1,0,0,0.0,10.78523701721358,3.6611470453433648,0
41,0,1,1,5,0,1,0,0,0,0,0,0,1,0,0.0,13.110958613980245,14.855307303338105,0
42,1,1,0,1,1,0,0,0,0,0,0,0,1,0,0.0,20.928935877817946,1.0316556334565519,0
43,1,1,1,1,1,0,0,0,0,0,0,0,1,0,0.0,1.806764148878095,27.279612062363462,0
44,1,1,2,0,0,0,0,0,0,0,0,0,0,0,0.0,20.00300146337003,7.7633994480005075,1
45,0,1,4,2,1,0,0,0,0,1,1,0,0,0,0.0,20.11913608854478,19.87566853061946,1
46,1,1,1,2,1,1,0,0,1,0,0,0,0,0,0.0,6.311476832215227,9.351332282682328,1
47,0,0,1,0,1,1,0,0,0,0,1,0,0,0,0.0,3.867788929645599,15.602040635334324,1
48,1,3,1,1,1,0,0,0,0,0,0,0,1,0,0.0,9.462850527725516,16.40130838029839,0
49,1,1,2,2,1,0,0,0,1,0,0,0,0,0,0.0,10.911323128278678,5.545633665765811,1
50,1,1,2,1,1,0,1,1,0,0,0,0,1,0,0.0,17.10590311253639,29.087538832936758,0
51,0,1,1,4,1,1,0,0,0,0,0,0,1,0,0.0,13.158045403869611,23.253984700833435,0
52,1,1,1,1,0,0,0,0,1,0,0,0,1,0,0.0,29.651215141776785,28.184968246925674,0
53,1,0,2,2,1,0,0,1,0,0,0,0,1,0,0.0,3.061344322440842,26.844820512829465,0
54,1,0,0,0,0,0,0,0,0,0,0,0,0,0,0.0,6.2663026828450406,17.936999364332554,1
55,0,4,2,3,1,0,0,0,0,0,0,0,1,0,0.0,4.8392855365498875,27.656227050693506,0
56,0,1,2,3,0,1,0,0,0,1,1,0,0,0,0.0,19.593249763961953,2.6547750615575847,1
57,1,1,2,4,0,0,1,0,0,0,0,0,0,0,0.0,7.598748076193464,5.879485872574356,1
58,1,1,2,1,1,0,0,0,0,0,0,0,1,0,0.0,13.989323185689189,1.356818667316142,0
59,1,1,1,2,1,0,0,0,0,0,0,0,0,0,0.0,7.332767760048082,9.759909922897931,1
60,0,0,2,3,1,0,1,0,0,0,0,0,1,0,0.0,4.769087509365591,11.660318690684461,0
61,0,1,0,0,0,0,1,0,0,0,0,0,1,0,0.0,3.3112542349291543,8.140470953216877,0
62,0,2,1,0,0,0,0,0,0,0,0,0,0,0,0.0,19.689887683958204,24.86212527455788,1
63,0,1,2,5,0,0,1,0,0,0,0,0,0,1,0.0,4.145488540458414,10.702599800807679,1
64,0,1,1,0,1,0,0,0,0,0,0,0,0,0,0.0,5.897470850401605,8.428035290621423,1
65,1,1,1,0,0,0,0,0,0,0,0,0,0,0,0.0,11.061755119828923,16.280882494747456,1
66,1,2,2,0,1,0,0,0,0,0,0,0,1,0,0.0,24.62979689543805,4.22772674924288,0
67,1,0,2,1,1,1,0,0,0,0,0,0,1,1,0.0,2.9130382737918383,24.06590942262119,0
68,1,4,2,2,0,0,0,0,1,0,0,0,0,0,0.0,25.138347224964118,2.236519310393125,1
69,0,1,2,5,0,0,1,0,0,0,0,0,0,0,0.0,2.882952236818892,29.60660809801552,1
70,1,1,2,0,1,0,0,0,0,0,0,0,0,0,0.0,29.293783950401874,23.167343078899723,1
71,1,1,2,1,0,0,0,0,1,0,0,0,0,0,0.0,14.059536049431047,5.961470446025173,1
72,0,4,2,2,0,0,1,0,0,0,0,0,1,0,0.0,29.302832645710115,0.16566351370807197,0
73,1,4,1,1,1,0,0,0,0,0,0,0,0,1,0.0,18.14536559235138,24.463842853645026,1
74,1,4,1,0,0,0,0,0,0,0,0,0,0,0,0.0,22.17790738194905,21.205720315428515,1
75,0,1,1,1,1,0,0,0,0,0,1,0,1,0,0.0,1.1756337676296202,21.87021504122962,0
76,1,3,1,2,1,0,0,0,1,0,0,0,0,0,0.0,8.484208877292287,23.138110400578373,1
77,1,1,1,4,0,0,0,0,1,0,0,0,0,0,0.0,3.6058968363950674,2.2213395520227106,1
78,1,1,2,5,1,0,1,0,0,0,0,0,1,0,0.0,8.884205925664348,10.753971856328178,0
79,0,4,1,3,1,1,0,0,0,0,0,0,0,0,0.0,3.561831568627322,3.4760717857538914,1
80,0,2,1,1,1,0,0,0,0,0,1,0,0,0,0.0,9.53949538181928,25.893102776267806,1
81,1,1,0,1,0,1,0,0,0,0,0,0,0,0,0.0,12.4278898354401,18.698943804826737,1
82,0,4,3,3,1,1,0,0,0,0,1,0,1,0,0.0,1.9244248904635308,9.926940745579476,0
83,0,4,2,3,1,1,0,0,0,0,0,0,1,0,0.0,20.774163581100595,1.906750508580709,0
84,1,3,1,3,1,0,0,0,0,0,0,0,0,0,0.0,16.998043626197255,9.329469651469866,1
85,1,1,1,0,0,0,0,0,0,0,0,0,0,0,0.0,7.9616847281833625,9.75549966080241,1
86,1,3,1,2,1,0,0,0,0,0,0,0,0,0,0.0,15.69744160400099,21.88818535014192,1
87,1,4,3,1,1,0,0,0,0,0,0,0,1,0,0.0,2.8182153227532503,19.126724140656393,0
88,0,4,2,3,1,1,0,0,0,0,1,0,0,0,0.0,17.278394866685378,26.616382277289794,1
89,0,4,2,2,1,1,0,0,0,0,0,0,0,0,0.0,27.878885927286422,14.16644775485848,1
90,1,4,1,3,1,0,0,0,0,0,0,0,0,1,0.0,9.55706857353971,3.587827378149051,1
91,0,4,2,2,1,0,1,0,1,0,0,0,0,0,0.0,20.02231139891045,21.39734361668985,1
92,0,1,1,2,1,1,0,0,0,0,0,0,1,0,0.0,3.9539358721317654,22.823551458506923,0
93,1,1,0,1,0,0,0,0,0,1,0,0,1,0,0.0,21.489816123556967,16.83831592708489,0
94,1,1,1,5,0,1,0,0,0,0,0,0,1,0,0.0,8.682182788416032,23.12901539863683,0
95,1,4,2,0,0,0,0,0,0,0,0,0,1,0,0.0,5.495740860213505,14.813867890931721,0
96,0,4,3,4,1,0,0,0,0,0,0,0,0,0,0.0,17.595388044302496,15.681984881459822,1
97,1,1,2,3,1,0,0,0,1,0,0,0,0,0,0.0,0.6032263856248066,12.826230550756488,1
98,0,2,2,2,0,1,0,0,0,0,1,0,0,0,0.0,24.86820087652089,0.7625738023228557,1
99,0,0,1,1,1,1,0,0,0,1,0,0,0,0,0.0,0.14086428577641197,3.2367428097991335,1
100,0,1,1,4,0,1,0,0,0,0,0,0,1,0,0.0,20.334496103886902,0.9428755706020275,0
101,1,4,2,5,0,0,0,0,1,0,0,0,0,0,0.0,8.100239195764946,19.092312337913413,1
102,0,1,3,2,1,1,1,0,0,0,0,0,1,0,0.0,22.055820663677846,9.4306794322898,0
103,0,0,3,5,0,0,1,0,0,0,0,0,0,0,0.0,28.865656353523146,15.257120734941083,1
104,0,1,2,3,1,0,0,0,0,0,0,0,1,0,0.0,7.462594305598741,27.226994217782792,0
105,1,0,1,5,0,0,0,0,1,0,0,0,0,0,0.0,17.284720032535105,7.478766874466248,1
106,1,1,2,1,1,0,0,0,1,0,0,0,0,0,0.0,17.761257938155172,12.311487691068892,1
107,0,4,2,5,1,0,0,0,0,0,0,0,0,0,0.0,17.167557173726202,22.666534156291462,1
108,0,0,2,1,1,0,0,0,0,0,0,0,0,0,0.0,6.6924489792185495,6.863944964748674,1
109,1,0,1,1,1,1,0,0,0,0,0,0,0,0,0.0,28.58247034550955,2.30939729486379,1
110,0,4,2,1,1,0,0,0,0,0,0,0,0,0,0.0,13.41376135852882,8.692543587413041,1
111,0,1,1,1,1,1,0,0,0,0,0,0,0,0,0.0,25.392260174133835,4.836638617620133,1
112,0,0,1,0,0,1,0,0,0,0,0,0,1,0,0.0,20.98437825952513,27.89092957027719,0
113,0,0,1,0,0,0,1,0,0,0,0,0,1,0,0.0,8.92310852565401,24.243611386932507,0
114,1,0,1,0,0,0,0,0,0,0,0,0,1,0,0.0,24.413934591074316,19.002112695312704,0
115,0,0,2,5,0,1,0,0,0,1,1,0,1,0,0.0,11.895172225409539,26.14381770563153,0
116,0,0,2,1,0,0,1,0,0,0,0,1,0,0,0.0,26.433095913334846,24.110162306973432,0
117,0,1,1,0,0,0,0,0,0,0,0,0,0,1,0.0,17.43818617907576,5.597101766581075,1
118,1,0,1,1,1,0,0,0,0,0,0,0,1,0,0.0,26.452060855645584,26.776769954699333,0
119,0,1,4,5,1,0,0,0,0,0,1,0,1,0,0.0,20.775947702332978,16.18026725746952,0
120,0,1,4,4,0,1,1,0,0,0,0,0,0,0,0.0,21.757628394589215,24.223204654921876,1
121,1,1,1,1,1,0,0,0,0,1,0,0,1,0,0.0,15.039731457801068,26.8827389977048,0
122,1,1,1,4,1,0,0,0,0,0,0,0,0,0,0.0,28.682509041696715,9.540104249155917,1
123,0,0,1,1,1,0,0,0,0,0,0,0,0,0,0.0,19.31970597688912,3.3015577358303028,1
124,1,0,2,1,1,0,0,0,0,0,0,0,1,0,0.0,12.715651456745391,6.8380548762582505,0
125,1,0,0,0,0,0,0,0,0,0,0,0,0,0,0.0,18.19179642383773,12.81323365878769,1
126,0,1,1,5,1,0,0,0,0,0,0,0,1,0,0.0,0.5757959492800058,24.540442977674793,0
127,0,1,4,5,0,0,1,0,0,1,0,0,1,0,0.0,9.04724450023648,25.821917497690304,0
128,1,0,2,5,0,1,0,0,0,0,0,0,1,0,0.0,19.80520612478055,0.2085639159357211,0
129,1,1,2,5,0,0,0,1,0,0,0,0,0,0,0.0,8.702328216313322,15.322419077326972,1
130,1,0,2,5,1,0,0,0,0,0,0,0,1,0,0.0,18.540462869965246,12.52233009446337,0
131,1,0,2,5,1,0,0,0,0,0,0,0,1,0,0.0,12.863061028372984,6.663234314121907,0
132,0,1,2,5,1,0,0,0,1,0,0,0,0,0,0.0,4.064221926673507,3.595961020010484,1
133,1,3,1,5,0,0,0,0,1,0,0,0,0,0,0.0,8.948469778680924,10.12845514210884,1
134,1,0,0,0,0,0,0,0,0,0,0,0,0,0,0.0,17.098947321037947,28.287291117375574,1
135,1,4,0,1,1,0,0,0,0,0,0,0,1,0,0.0,17.726182837445197,9.696087960622657,0
136,1,0,1,1,1,0,0,0,1,0,0,0,1,0,0.0,17.229757465487364,15.563718652300983,0
137,1,1,1,0,0,0,0,0,0,0,0,0,1,0,0.0,19.59602459571401,21.090568766855334,0
138,1,0,2,1,1,0,0,0,0,0,0,0,1,0,0.0,19.563098100050667,10.908888071378819,0
139,1,3,2,2,1,0,0,0,0,0,0,0,0,0,0.0,12.942553063019218,29.15346248162882,1
140,0,4,2,1,1,0,0,0,0,0,0,0,1,0,0.0,26.89639787553189,28.873418848263338,0
141,0,1,1,1,1,0,1,0,0,0,0,0,0,0,0.0,11.026856101436897,7.553468874760925,1
142,0,4,1,1,1,0,0,0,0,0,0,0,0,1,0.0,13.075947757968805,14.917455176771563,1
143,1,4,2,0,0,0,0,0,0,0,0,0,1,0,0.0,26.757700650470163,9.02634929450309,0
144,1,1,2,1,0,1,0,0,0,0,0,0,1,0,0.0,24.18581967138257,8.545214831324028,0
145,0,4,3,4,0,0,1,0,1,0,0,0,0,0,0.0,21.11665750621099,1.1066084206359839,1
146,0,3,2,4,1,1,0,0,0,0,0,0,0,0,0.0,3.0068066193690335,18.286930019396905,1
147,0,2,1,1,1,1,0,0,0,1,0,0,0,0,0.0,27.584478412340207,15.080370696865845,1
148,0,4,1,2,1,0,0,0,0,0,0,0,1,0,0.0,21.42723898647334,1.5443625374996806,0
149,1,0,1,0,0,0,0,0,0,0,0,0,1,0,0.0,29.965410197035997,8.359393927098344,0
150,1,1,2,0,1,0,0,0,0,0,0,0,0,0,0.0,4.483449139739813,27.247976578999612,1
151,1,4,1,1,0,1,0,0,0,0,0,0,1,0,0.0,26.04378172104643,7.186856720009173,0
152,0,4,2,1,1,0,0,0,0,0,0,0,0,0,0.0,4.874788040291245,4.346846162736693,1
153,0,4,1,1,1,0,0,0,0,1,0,0,1,0,0.0,18.466786928515326,14.683582808326891,0
154,0,3,1,0,1,0,0,0,0,0,0,0,0,0,0.0,3.7145994854832454,29.56951362331802,1
155,1,0,3,2,0,0,0,0,1,1,0,0,1,0,0.0,25.440246879667033,7.261658145345012,0
156,0,1,3,1,1,1,0,0,1,0,1,0,1,0,0.0,24.21956876175032,20.164066422176358,0
157,0,1,2,1,1,1,0,0,0,0,1,0,0,0,0.0,17.073022158437798,22.848588459861528,1
158,0,0,3,5,1,0,1,0,0,0,0,0,1,0,0.0,12.215498916779989,7.12912631977199,0
159,1,0,3,3,1,0,0,0,0,0,0,1,0,0,0.0,2.0750098636541416,21.846490458355788,0
160,0,1,1,3,0,1,0,0,0,0,1,0,1,0,0.0,20.92286319433691,11.033493981577596,0
161,0,1,3,4,1,0,1,0,0,1,0,0,0,0,0.0,13.606280480342065,18.969174917807383,1
162,0,1,2,2,1,0,0,0,0,0,0,0,0,0,0.0,21.661667984110437,19.00589132282684,1
163,0,1,3,1,0,1,1,0,0,1,0,0,1,0,0.0,25.991469777858875,16.073240522242756,0
164,0,0,2,1,1,0,0,1,1,0,0,0,1,0,0.0,29.265645150086574,2.708693101632249,0
165,0,4,2,4,1,0,0,0,1,0,0,0,0,0,0.0,25.67410027177833,25.05907486767714,1
166,0,1,3,3,0,1,1,0,0,0,1,0,1,1,0.0,0.35142252555005915,9.623401949152075,0
167,0,1,2,3,1,0,1,0,0,0,0,0,0,1,0.0,10.799341934350917,5.595555311995627,1
168,1,4,1,1,1,0,0,0,0,0,0,0,1,0,0.0,21.89971687272174,1.2232542466429175,0
169,1,0,0,0,0,0,0,0,0,0,0,0,0,0,0.0,5.1488903178432155,17.726788295647253,1
170,1,1,2,3,1,1,0,0,0,0,0,0,1,0,0.0,15.631098186123879,20.326930855268472,0
171,1,0,1,0,0,0,0,0,0,0,0,0,1,0,0.0,1.6301396501776089,0.49763486783568456,0
172,1,0,1,0,1,0,0,0,0,0,0,0,0,0,0.0,5.999895746892002,15.36279174897843,1
173,1,3,0,0,0,0,0,0,0,0,0,0,0,0,0.0,0.5556538338184192,6.794873255938139,1
174,1,0,3,2,0,1,0,0,0,0,0,0,1,0,0.0,23.81093110072262,19.355183712283495,0
175,1,0,2,1,0,0,0,1,0,0,0,0,1,0,0.0,6.717740641811404,5.230992870149743,0
176,0,4,4,5,1,0,0,0,1,0,0,0,0,0,0.0,10.360550420907082,20.728132143073978,1
177,1,1,1,1,0,0,0,0,1,0,0,0,0,0,0.0,27.842438803967728,11.602060389016122,1
178,0,1,4,5,1,1,1,0,0,0,1,0,1,0,0.0,21.132432057705984,28.101899662102035,0
179,0,4,3,4,0,1,0,0,0,0,0,0,0,0,0.0,0.9551678859392354,4.1256283243797975,1
180,0,4,4,5,1,1,1,1,1,1,1,0,0,0,0.0,4.940824694937382,10.231990531507755,1
181,0,0,0,0,0,0,0,0,0,0,0,0,0,0,0.0,18.644352044992907,3.404205637217672,1
182,1,1,0,0,0,0,0,0,0,0,0,0,0,0,0.0,17.316857658125027,27.740808548356885,1
183,1,0,2,2,1,0,0,0,0,0,0,0,1,0,0.0,7.136784641235259,26.32018060142943,0
184,1,3,1,0,1,0,0,0,0,0,0,0,0,0,0.0,28.026419937743814,7.738248831454668,1
185,1,4,3,4,0,0,1,0,0,0,0,0,1,0,0.0,18.41897867897688,19.79952138102537,0
186,0,1,2,4,1,1,0,0,0,0,1,0,1,0,0.0,16.06898409074875,24.516666006036473,0
187,1,0,1,5,0,1,0,0,0,0,0,0,0,0,0.0,17.69729929063713,16.65602434798387,1
188,1,0,2,1,1,0,0,0,0,0,0,0,0,1,0.0,21.90366088550309,15.889517350680194,1
189,0,1,1,0,0,1,0,0,0,0,0,0,0,0,0.0,9.358349864388057,7.25556872701355,1
190,0,1,2,3,0,0,1,0,0,0,0,0,0,1,0.0,11.946631866482756,2.793083034176976,1
191,1,1,2,2,0,1,0,0,0,0,0,0,1,0,0.0,6.295312469253664,26.916472738599804,0
192,0,0,2,1,1,0,0,0,0,0,0,0,0,0,0.0,5.585790176410085,27.012541714899914,1
193,1,1,2,1,1,0,1,0,0,0,0,0,0,0,0.0,28.33117169951801,18.993043718198038,1
194,0,3,1,1,0,0,1,0,0,0,0,0,1,0,0.0,22.186523851478626,10.170893731461021,0
195,0,1,0,2,1,0,0,0,0,1,1,0,0,0,0.0,14.713764258527013,10.476287238379827,1
196,0,0,2,0,0,0,0,0,0,0,0,0,0,0,0.0,6.822438839199697,21.778670366107182,1
197,0,4,2,3,1,1,0,0,0,1,1,0,0,0,0.0,7.630694453111788,26.913307798577314,1
198,0,4,1,0,0,0,0,0,1,0,0,0,0,1,0.0,1.7408748097162685,26.61259272795352,1
199,0,4,2,3,1,1,0,0,0,0,0,0,1,0,0.0,13.032498766743624,23.396266375728715,0
200,1,0,1,0,1,0,0,0,0,0,0,0,1,0,0.0,9.353876459823077,19.26094938462863,0
201,0,3,1,1,0,0,1,0,0,0,0,0,0,0,0.0,20.890304664463784,2.524198949851465,1
202,0,0,3,2,0,1,0,0,0,0,0,0,1,0,0.0,11.332555178774427,4.848861422838413,0
203,0,0,2,4,0,1,1,0,0,0,0,0,1,1,0.0,5.388110326789044,26.956625655812378,0
204,1,2,2,4,0,1,0,0,0,0,1,1,0,0,0.0,0.7403618517399368,18.1928717897877,0
205,1,1,3,1,1,0,0,0,0,0,0,0,0,0,0.0,2.0174889438974573,0.27591154849888944,1
206,1,4,1,3,0,0,0,0,1,0,0,0,0,0,0.0,20.38178320495702,3.044146285980963,1
207,1,1,0,2,1,0,0,0,0,0,0,0,0,0,0.0,13.610905336681359,19.905053073241675,1
208,1,1,1,2,1,1,0,1,0,0,0,0,0,0,0.0,16.097376333261664,0.1518475153865606,1
209,1,0,2,2,0,1,0,0,1,0,0,0,0,0,0.0,26.900138791210264,4.82424154252496,1
210,1,4,1,3,1,0,0,0,1,0,0,0,0,0,0.0,29.71016842190113,16.462013680997583,1
211,0,3,2,1,1,0,0,0,0,0,0,0,0,0,0.0,6.506909531954218,20.756855930780798,1
212,1,1,1,0,0,0,0,0,0,0,0,0,0,0,0.0,19.892346093003024,19.558837785078016,1
213,0,3,1,0,0,0,0,0,0,0,0,0,0,0,0.0,7.89967130211452,6.728079283816793,1
214,1,1,1,1,0,0,0,0,0,0,0,0,1,0,0.0,0.6195299839718604,21.365376640426074,0
215,0,3,2,4,1,1,0,0,0,0,0,0,0,0,0.0,22.751359615084244,7.117472624904002,1
216,1,0,2,1,1,0,0,0,0,0,0,0,0,0,0.0,9.600514524674036,9.76199094477803,1
217,1,1,0,0,0,0,0,0,0,0,0,0,0,0,0.0,11.503916825156939,22.394742153540726,1
218,1,1,2,0,0,0,0,1,0,0,0,0,1,0,0.0,17.649513406608172,19.48898697141644,0
219,1,0,2,1,1,0,0,0,0,0,0,0,0,0,0.0,24.93145365708571,25.47670231482534,1
220,0,1,1,0,0,0,0,0,0,1,0,0,1,0,0.0,18.869455307734462,19.7283867690103,0
221,1,0,2,2,0,1,0,1,0,0,0,0,0,0,0.0,26.179519663421857,17.049258100064147,1
222,1,0,1,0,0,0,0,0,0,0,0,0,1,0,0.0,8.206261044469073,2.8102430348427743,0
223,1,1,1,5,0,1,0,0,0,0,0,0,0,0,0.0,23.941405017376912,11.031474091783005,1
224,0,1,4,3,1,1,0,0,0,0,0,0,1,0,0.0,5.569078329178566,7.9560710304517634,0
225,1,1,1,1,1,0,0,0,0,0,0,0,0,0,0.0,28.583749709158337,7.319689301372508,1
226,1,0,2,5,0,1,0,0,0,0,0,0,1,0,0.0,20.624648291634458,29.190316642573368,0
227,1,1,2,5,1,0,0,0,0,0,0,0,0,0,0.0,6.465230313406753,11.792931740002812,1
228,1,1,2,2,0,1,0,0,0,0,0,0,1,0,0.0,28.421117714667727,26.761396655313398,0
229,1,0,4,5,0,1,0,0,0,0,0,0,1,0,0.0,21.925674203104734,18.934158779917887,0
230,0,1,3,2,1,0,1,0,0,0,0,0,1,0,0.0,7.618249277850775,23.844339106249453,0
231,1,1,1,1,1,0,0,0,0,0,0,0,0,0,0.0,6.399359321024459,15.079112793155764,1
232,1,0,2,1,1,0,0,0,0,0,0,0,1,0,0.0,15.546021417919897,17.307116538790773,0
233,0,0,4,0,1,1,0,0,0,0,0,0,0,0,0.0,0.7698815416359472,14.775530814565917,1
234,1,0,2,3,1,1,0,0,1,0,0,0,0,0,0.0,6.2241022632332825,5.857289633941335,1
235,1,0,2,1,1,0,0,0,0,0,0,0,1,0,0.0,12.740564062545188,21.67356345784516,0
236,0,1,2,1,1,0,1,0,0,0,0,0,1,0,0.0,11.225099410026766,8.423170873225674,0
237,1,1,2,1,1,0,0,0,0,0,0,0,1,0,0.0,13.907262730944321,0.7294789929436152,0
238,0,3,1,2,0,1,0,0,0,0,0,0,0,0,0.0,8.328861188841957,19.364168877215036,1
239,1,1,2,2,1,0,0,0,0,0,0,0,0,0,0.0,17.603530393745064,5.313320382211469,1
240,1,0,2,0,0,0,0,0,0,0,0,0,1,0,0.0,25.915668177696944,28.21375753058743,0
241,1,1,2,3,1,0,0,0,0,0,0,0,1,0,0.0,3.5259556788609925,28.61785731007762,0
242,1,0,1,0,0,0,0,0,0,0,0,0,0,0,0.0,15.521373214623425,27.445931706613457,1
243,0,1,1,1,1,0,1,0,0,0,0,0,0,0,0.0,3.962043190354599,11.104761007663331,1
244,1,0,2,5,0,0,0,0,1,0,0,0,0,0,0.0,21.50579043577781,0.46369849586602285,1
245,1,0,1,0,1,0,0,0,0,0,0,0,1,0,0.0,11.881791084218813,27.849556877631763,0
246,1,1,1,0,0,0,0,0,0,0,0,0,0,0,0.0,16.962639355755268,12.84552444951943,1
247,1,4,2,5,1,0,0,0,0,0,0,0,0,0,0.0,5.4983950864223585,28.999644571310085,1
248,1,1,1,3,1,1,0,0,1,0,1,0,1,0,0.0,4.3454327803013175,28.908599312677584,0
249,1,0,1,1,1,0,0,0,0,0,0,0,0,0,0.0,14.641688419468636,25.590283664020802,1
250,1,0,3,2,1,1,0,0,1,0,0,0,0,0,1.0,110.66838213549866,108.83346676208757,1
251,0,0,1,1,1,0,0,0,0,0,0,0,1,0,1.0,128.2129583575844,111.55293185805776,0
252,0,1,2,0,0,0,0,0,0,0,0,0,1,0,1.0,122.95975761420895,125.5341001455057,0
253,1,1,1,0,0,0,0,1,0,0,0,0,0,0,1.0,122.45990859551642,109.50766015468832,1
254,1,3,1,1,1,0,0,0,0,0,0,0,0,0,1.0,127.111592192378,105.08478240058278,1
255,1,4,1,1,0,1,0,0,1,0,0,0,1,0,1.0,102.50267306326056,116.70403787375051,0
256,0,0,1,0,1,0,1,0,0,1,0,1,0,0,1.0,116.5657740976722,128.08464322482342,0
257,1,0,2,3,1,1,0,1,1,0,0,0,0,0,1.0,117.53428206867306,120.88089390024919,1
258,0,1,0,1,1,0,0,0,0,0,0,0,0,0,1.0,128.85809135641688,117.10183510268095,1
259,0,1,1,0,0,0,0,0,1,0,0,0,0,0,1.0,108.76442580377646,102.91529481312305,1
260,0,1,0,0,0,0,0,0,0,0,0,0,1,0,1.0,107.22486339746341,118.45021680097508,0
261,0,1,3,5,1,0,0,0,0,0,1,0,1,0,1.0,103.00881826796494,129.7016155031279,0
262,1,0,2,2,1,0,0,0,0,0,0,0,1,0,1.0,100.49288888774423,104.20252045709572,0
263,0,1,3,3,0,0,1,0,0,0,0,0,1,0,1.0,127.88587950376572,115.5498895709121,0
264,0,1,0,0,1,0,0,0,0,0,0,0,1,1,1.0,120.0974963977273,126.32119215783867,0
265,1,3,3,0,1,0,0,0,0,0,0,0,1,0,1.0,123.55458736069413,122.22305853262614,0
266,1,1,2,4,1,0,0,0,0,0,0,0,1,0,1.0,108.45190317261847,120.91047222985804,0
267,0,0,1,1,1,0,0,0,0,0,1,0,0,0,1.0,117.5923049855898,121.07452251961328,1
268,1,0,2,2,0,1,0,0,0,0,0,0,1,0,1.0,101.91865798362943,110.78473453659265,0
269,0,0,1,0,0,0,0,0,0,0,0,0,1,0,1.0,114.56882787803869,108.8077553279348,0
270,1,0,1,4,1,1,1,0,0,0,0,0,0,0,1.0,129.32485419233342,124.28083466435541,1
271,1,1,4,5,1,0,1,0,0,0,0,0,1,0,1.0,126.29515735949772,124.30340184037541,0
272,1,0,1,1,1,0,0,0,0,0,0,0,1,0,1.0,110.14476855510537,126.01216955740311,0
273,1,0,1,0,1,0,0,0,0,0,0,0,0,0,1.0,128.84710463624495,127.39721657669413,1
274,0,1,1,2,1,0,0,0,0,0,0,0,0,0,1.0,106.95104879413614,115.34027196582814,1
275,1,1,1,0,0,0,0,0,0,0,0,0,1,0,1.0,128.47956467247045,115.04548884061599,0
276,1,0,1,3,1,0,0,0,0,0,0,0,0,0,1.0,128.24133114119496,123.94885536900325,1
277,1,0,2,5,1,0,0,0,0,0,0,0,0,0,1.0,123.97607762057174,119.49891792333295,1
278,1,0,1,3,0,1,0,0,0,0,0,0,1,0,1.0,118.91343810600374,121.0590063177311,0
279,0,1,4,1,0,1,1,0,0,0,0,0,1,0,1.0,126.22863899874841,123.87378008308303,0
280,1,1,2,2,1,1,0,0,0,1,0,0,1,0,1.0,108.7906085352339,126.70016025452699,0
281,0,4,1,1,1,0,0,0,0,0,0,0,0,0,1.0,125.46830665938755,110.13985470554607,1
282,1,0,1,1,1,0,1,0,0,0,0,0,1,0,1.0,118.53630075752571,111.26748857919831,0
283,1,0,2,0,1,0,0,0,0,0,0,0,0,0,1.0,100.39710573276699,102.81945819522608,1
284,1,1,3,0,1,0,0,0,0,0,0,0,0,0,1.0,110.41700553796659,117.34840422988522,1
285,1,3,1,0,0,0,0,0,0,0,0,0,0,0,1.0,104.44422582844496,101.07826821390226,1
286,0,0,3,5,0,1,1,0,0,0,1,0,1,0,1.0,129.4548816945476,113.96794054397381,0
287,1,0,2,4,0,0,0,0,1,0,0,0,0,0,1.0,114.35110921119964,116.2793390412273,1
288,0,3,2,0,0,0,0,0,0,0,0,0,0,0,1.0,114.92174096495988,108.59623756384853,1
289,0,0,1,0,0,0,0,0,0,0,0,0,0,0,1.0,119.18417549196171,117.72499781707032,1
290,0,3,0,0,0,0,0,0,0,0,0,0,0,0,1.0,111.05753818388852,100.91500749817148,1
291,1,3,1,1,1,0,0,0,0,0,0,0,0,0,1.0,104.10700815056796,101.12044566247643,1
292,1,1,2,1,0,0,0,0,1,0,0,0,0,0,1.0,124.66353199582737,124.67801681978975,1
293,1,3,1,0,0,0,0,0,0,0,0,0,1,0,1.0,105.69543735708274,110.80571924233789,0
294,1,3,1,5,0,0,0,0,1,0,0,0,0,0,1.0,115.33956947639368,103.81181537955655,1
295,0,3,0,2,1,0,0,0,0,0,0,0,0,0,1.0,106.72951086924218,115.66729780164414,1
296,1,1,1,2,1,0,0,0,0,0,0,0,1,0,1.0,102.93533453482102,123.09980659295832,0
297,1,0,3,5,1,0,0,0,0,0,0,0,0,0,1.0,125.8657455226505,106.47463082490529,1
298,0,4,0,0,1,0,0,0,0,0,0,0,0,0,1.0,129.18758467069392,118.68671427457001,1
299,1,0,1,0,0,0,0,0,0,0,0,0,0,0,1.0,128.82503974189,102.56042394981304,1
300,0,0,4,5,1,1,1,1,1,1,1,0,0,0,1.0,127.19666497663536,101.55045163505824,1
301,1,2,3,4,1,0,0,0,0,0,0,0,1,0,1.0,123.22141998095915,115.94063894704443,0
302,1,3,0,0,0,0,0,0,1,0,0,0,0,0,1.0,109.99435456085925,116.2190536483032,1
303,1,3,1,2,1,0,0,0,0,0,0,0,1,0,1.0,102.4330416996399,119.1228970449462,0
304,1,3,1,1,1,0,0,0,0,0,0,0,1,0,1.0,112.21723514241422,121.78274001167985,0
305,1,0,2,2,1,0,0,0,1,0,0,0,1,0,1.0,106.96702426512829,129.27556238387604,0
306,1,0,2,0,0,0,0,0,0,0,0,0,0,0,1.0,103.9746290427395,115.48901044903586,1
307,1,4,3,0,0,0,0,0,0,0,0,0,0,0,1.0,101.60281545360476,109.68869418823738,1
308,1,0,2,0,0,0,0,0,0,0,0,0,0,0,1.0,121.76783092631736,123.8555858430611,1
309,0,0,0,1,0,1,0,0,0,0,0,0,1,0,1.0,100.34282375875092,108.12496753786223,0
310,1,0,2,1,0,0,0,0,1,0,0,1,0,0,1.0,123.11742245508329,113.16914262116909,0
311,0,1,1,1,0,0,1,0,0,0,0,0,1,0,1.0,104.40839936201125,102.35369144026798,0
312,0,1,2,3,1,1,1,0,0,1,1,0,0,0,1.0,102.38566247760268,100.76052230246373,1
313,1,0,1,0,0,0,0,0,0,0,0,0,0,0,1.0,102.68809102715817,128.87945244033776,1
314,1,0,3,1,0,0,0,0,1,0,0,0,1,0,1.0,120.16143422061744,125.07940361536618,0
315,1,0,1,1,0,1,0,0,0,0,0,0,1,0,1.0,107.36101629558534,120.87922618281094,0
316,0,1,2,3,1,1,0,0,0,0,0,0,1,1,1.0,112.61618400040295,112.2685883324281,0
317,0,0,3,4,1,1,1,0,0,1,1,0,1,0,1.0,116.72106373971751,105.19882960212537,0
318,0,1,2,4,0,1,1,0,0,0,0,0,1,0,1.0,125.81653521486382,104.69311128013258,0
319,0,1,2,3,1,0,1,0,0,0,1,1,0,0,1.0,121.81132788133985,107.50728694493786,0
320,1,4,4,0,0,0,0,0,0,0,0,0,0,0,1.0,108.10983715716144,116.47679994118361,1
321,1,4,2,4,1,0,0,0,1,0,0,0,1,0,1.0,103.94448397873383,121.43787768100186,0
322,1,1,3,1,1,0,0,0,0,0,0,0,0,0,1.0,101.66122961263594,119.80592130153194,1
323,0,1,4,4,1,1,1,0,0,0,0,1,0,0,1.0,109.04795903442827,108.39801690837828,0
324,0,1,1,3,0,1,0,0,0,0,0,0,0,0,1.0,107.86354447719035,128.64595841989583,1
325,1,1,2,1,1,0,0,0,0,0,0,0,0,0,1.0,113.68421700401439,122.13690750087305,1
326,0,0,2,3,1,1,1,0,0,1,0,0,1,0,1.0,120.49844006643042,116.63062157534202,0
327,1,0,2,3,1,0,0,1,0,0,0,0,1,0,1.0,120.86876336916572,118.35162238703057,0
328,1,1,1,2,1,0,0,1,0,0,0,0,0,0,1.0,108.505565397465,112.5880018728337,1
329,0,0,2,2,0,0,1,0,0,0,0,0,1,0,1.0,111.39780867700361,107.43192968503473,0
330,1,0,2,1,1,0,1,0,0,0,0,0,0,0,1.0,105.43452885210709,110.67918035953785,1
331,0,1,1,3,0,1,0,0,0,0,0,0,1,0,1.0,123.65636536919556,122.73538331393107,0
332,0,0,3,3,0,0,1,0,0,1,0,0,0,0,1.0,101.7054422929972,100.43180465889267,1
333,1,0,2,4,1,0,1,0,0,0,0,0,0,0,1.0,120.90991725174962,103.48217921520748,1
334,1,1,0,1,0,0,0,1,0,0,0,0,1,0,1.0,123.3608618782331,101.38007926065258,0
335,1,1,3,4,0,0,0,0,0,0,1,0,0,0,1.0,123.32222685546259,101.22186406956911,1
336,1,1,1,1,1,0,0,0,0,0,0,0,0,0,1.0,107.78267693036065,125.66381752033021,1
337,1,0,1,5,1,0,0,0,0,0,0,0,0,1,1.0,111.21439413797684,121.10973578140072,1
338,0,1,2,4,0,1,0,0,1,0,0,0,1,0,1.0,117.62798905589167,114.22521487261976,0
339,1,0,2,4,1,1,1,0,0,0,0,0,0,0,1.0,108.18465707273401,102.93502481953004,1
340,0,1,3,3,1,0,0,0,1,0,1,0,1,0,1.0,111.12558397653666,114.74847625350498,0
341,1,1,2,1,1,0,0,0,0,0,0,0,1,0,1.0,105.91162840556919,114.20415312341697,0
342,1,1,2,3,1,0,0,0,0,0,0,0,1,0,1.0,113.79567651268022,105.19605609730046,0
343,0,0,2,5,0,1,0,0,0,0,0,0,1,0,1.0,101.33836903762342,113.01554947713919,0
344,1,0,0,0,1,0,0,0,0,0,0,0,1,0,1.0,123.99387653711854,111.9551420319212,0
345,0,0,4,5,1,0,1,0,0,0,0,0,1,1,1.0,102.30869340959899,118.47550294156649,0
346,1,1,2,5,0,1,0,0,0,0,0,0,1,1,1.0,115.56505446494577,119.05280952602931,0
347,1,1,2,1,1,1,0,0,0,0,0,0,1,0,1.0,109.20430298635588,101.35912029316134,0
348,1,1,2,1,1,1,0,0,0,0,0,0,1,0,1.0,117.32628846494126,111.23837843879414,0
349,1,4,1,3,1,0,0,0,0,0,1,0,0,0,1.0,128.78300022500275,118.7757974714271,1
350,0,1,1,2,0,0,1,0,0,0,0,0,0,0,1.0,119.36710733368011,115.09408775740263,1
351,0,1,1,1,1,0,1,0,1,1,0,0,0,0,1.0,101.06087307266473,125.69469523564968,1
352,0,1,1,3,0,0,1,0,0,0,0,0,1,1,1.0,112.91207318524184,119.76080894856835,0
353,0,0,1,0,0,0,0,0,0,0,0,0,0,0,1.0,115.30050556954751,104.88803281244289,1
354,0,1,1,1,1,0,0,0,0,0,0,0,0,1,1.0,116.08532484110356,102.11706242201289,1
355,1,1,3,5,0,1,0,0,0,0,0,0,1,0,1.0,120.44177531811513,119.27257834618948,0
356,0,1,1,3,0,1,0,0,0,0,0,0,1,0,1.0,108.32788293195298,100.79533931624866,0
357,0,0,2,5,1,1,0,0,0,0,1,0,0,0,1.0,103.8658169639896,117.5732674382039,1
358,0,1,2,2,0,0,1,0,0,0,0,0,0,0,1.0,111.78027029641282,128.20690724274874,1
359,0,1,2,4,0,0,1,0,0,0,0,0,1,0,1.0,128.69217168387846,117.26422533627637,0
360,1,1,1,4,1,0,0,0,0,0,0,0,1,0,1.0,105.61392675252534,111.64509778619566,0
361,1,0,2,2,1,0,0,0,1,0,0,0,1,0,1.0,127.11951864784712,119.2986465532706,0
362,0,1,2,5,1,1,0,0,0,0,1,0,1,0,1.0,116.31417850231979,113.7475867147455,0
363,1,1,2,3,1,0,1,0,1,0,0,0,1,0,1.0,113.70734264937298,116.36850367947805,0
364,0,1,1,2,1,0,1,0,0,0,0,0,1,0,1.0,126.46124230689668,128.24394426329576,0
365,1,1,1,2,1,0,0,0,0,0,0,0,0,0,1.0,113.75811885305758,111.58307913402322,1
366,1,3,0,3,0,0,0,0,1,0,0,0,0,0,1.0,121.7250290983463,128.83571691471744,1
367,0,1,2,4,1,0,1,0,0,1,0,0,1,0,1.0,111.97075965109306,127.16051925868192,0
368,1,1,2,0,1,0,0,0,0,0,0,0,1,0,1.0,127.12133178702874,105.8737340436789,0
369,1,1,1,0,0,0,0,0,0,0,0,0,0,0,1.0,120.70075060573683,102.08083902625496,1
370,1,0,2,1,1,0,0,0,0,0,0,0,0,1,1.0,120.9886616275155,103.0233400413228,1
371,1,0,0,0,0,0,0,0,0,0,0,0,0,0,1.0,109.83161204671356,100.54665476954649,1
372,0,1,2,3,1,0,1,0,0,0,0,0,0,0,1.0,122.70335928210667,102.83328882267786,1
373,1,1,2,1,1,0,0,0,0,0,0,0,1,0,1.0,119.08183166341423,120.4902032024907,0
374,0,3,1,2,1,0,0,0,0,0,0,0,0,0,1.0,107.20060820139129,102.13565945380687,1
375,0,4,1,2,1,0,0,0,1,0,0,0,0,0,1.0,104.8161646745577,109.56926890881284,1
376,0,1,1,0,0,0,0,0,0,0,0,0,1,0,1.0,123.89174423551995,125.34625932908364,0
377,1,2,1,1,1,0,0,0,0,0,0,0,0,0,1.0,128.77499809105666,100.69815807207478,1
378,0,1,2,3,1,0,0,0,0,0,1,0,0,0,1.0,113.74416481780129,124.43405447766807,1
379,0,1,1,0,1,0,0,0,0,0,0,0,0,0,1.0,117.72952495971055,108.45564324320199,1
380,0,1,2,0,0,0,0,0,0,0,0,0,0,0,1.0,125.73167932580664,103.54494482864969,1
381,1,0,1,3,1,1,0,0,0,0,0,0,0,0,1.0,113.71670360061572,120.90211496092452,1
382,0,3,2,4,1,0,0,0,0,0,0,0,0,0,1.0,128.55623430498207,118.86828540339653,1
383,1,1,2,2,1,0,0,0,0,0,0,0,0,0,1.0,117.27253486134617,126.3241604058116,1
384,0,1,2,1,0,1,0,0,0,0,0,0,1,0,1.0,124.62301362103945,122.05213131411656,0
385,1,1,2,3,1,0,1,0,0,0,0,0,1,0,1.0,127.26531155238214,124.10442791154546,0
386,1,2,0,0,0,0,0,0,0,0,0,0,0,0,1.0,124.46571456305706,108.46103717713919,1
387,0,1,2,1,1,0,0,0,0,0,0,0,1,0,1.0,104.78243390346867,105.32318631339169,0
388,1,1,1,1,1,0,0,0,1,1,0,0,0,0,1.0,118.86695317185101,122.51844254922575,1
389,0,1,2,1,0,1,1,0,0,0,0,0,0,0,1.0,111.95302775859031,124.20504217801792,1
390,0,1,2,5,1,1,0,0,0,0,1,0,1,0,1.0,101.88138856070037,129.7151542600202,0
391,0,0,2,5,1,1,0,0,0,0,1,0,0,0,1.0,112.72096755669526,112.3785303073428,1
392,1,1,2,2,1,0,0,0,0,0,0,0,0,0,1.0,107.76052200668224,111.16054257378349,1
393,0,1,0,0,1,0,0,0,0,0,0,0,0,0,1.0,125.47114925285533,123.29238882225991,1
394,1,1,2,0,0,0,0,0,0,0,0,0,0,0,1.0,100.99913879640089,110.22410620759054,1
395,0,4,2,1,1,0,0,0,0,0,0,0,0,0,1.0,128.7694816559042,127.92271976810694,1
396,1,3,2,0,0,0,0,0,0,0,0,0,1,0,1.0,110.66106545415789,125.75238255529035,0
397,0,1,1,1,1,0,0,0,0,0,0,0,0,0,1.0,110.70120671207629,112.86982082125056,1
398,1,1,2,5,0,0,1,0,0,0,0,0,1,0,1.0,100.48985508051123,122.52613203374491,0
399,0,1,1,1,1,0,0,0,0,0,1,0,0,1,1.0,105.55696975708551,122.63628622254046,1
400,1,1,2,1,1,0,0,0,0,0,0,0,0,0,1.0,112.03778502410826,103.09371606507798,1
401,0,1,2,4,1,0,0,1,0,0,0,0,1,0,1.0,127.87874251908141,127.076587200387,0
402,1,1,2,1,1,0,0,0,0,0,0,0,1,0,1.0,102.98844790663814,115.15757117343571,0
403,0,1,2,5,0,1,1,0,0,0,0,0,1,0,1.0,128.35904600437237,124.79372398323224,0
404,0,1,2,1,0,0,0,0,0,0,0,0,0,0,1.0,126.08465591639896,109.60148803091835,1
405,1,1,2,2,1,0,0,0,1,0,0,0,1,0,1.0,113.62487190722655,126.86569685488601,0
406,1,4,1,1,1,0,0,0,0,0,0,0,1,0,1.0,109.8010264530478,111.6760503620249,0
407,0,1,2,4,1,0,0,0,0,0,0,0,0,0,1.0,106.9823238783717,100.32512954440895,1
408,0,1,1,0,0,0,0,0,0,0,0,0,0,0,1.0,118.43394119430623,127.16145929257792,1
409,0,1,2,2,1,1,1,0,0,0,1,0,1,1,1.0,100.99223774426517,102.73860030358401,0
410,1,1,0,0,1,1,0,1,1,0,0,0,1,0,1.0,100.46818193340485,109.57940912771244,0
411,0,1,2,5,1,0,0,0,0,0,0,0,0,0,1.0,112.86387167494713,128.50185901152415,1
412,0,1,1,0,1,0,0,0,0,0,0,0,1,0,1.0,102.04222221924161,128.51821440812668,0
413,1,0,2,0,0,0,0,0,0,0,0,0,0,0,1.0,107.55822964738279,117.20313664369858,1
414,1,1,1,2,1,0,0,0,0,0,0,0,1,0,1.0,106.63482746038251,118.95511636509397,0
415,0,1,2,0,0,0,0,0,0,0,0,0,1,0,1.0,107.59573581168556,113.4533656593496,0
416,0,1,4,3,0,1,0,0,0,0,0,0,1,0,1.0,103.93165693645773,108.79632315094193,0
417,0,1,3,5,0,0,1,0,0,0,0,0,1,0,1.0,100.36108668692962,109.85993636109748,0
418,1,1,0,0,0,0,0,0,0,0,0,0,0,0,1.0,103.46452891416244,120.17555368231115,1
419,0,1,0,4,0,1,1,0,0,0,0,0,1,0,1.0,118.55440778538244,122.5712358831304,0
420,1,2,0,0,1,1,0,1,0,0,0,0,0,0,1.0,129.2276863845415,123.74737131177545,1
421,0,1,0,0,1,1,0,0,0,1,0,0,0,0,1.0,129.71035004682682,123.68854428383662,1
422,0,1,1,4,0,0,1,0,0,1,0,0,0,0,1.0,112.27162286119184,102.73618309146072,1
423,0,0,2,0,1,0,0,0,0,0,0,0,0,0,1.0,104.88863278139816,114.83260914107744,1
424,1,0,3,1,1,0,0,0,0,0,0,0,0,0,1.0,119.16285272099589,101.72676280049933,1
425,0,1,0,0,1,1,0,0,0,0,0,0,1,0,1.0,114.70916039646211,116.48586646971206,0
426,1,0,1,1,1,0,0,0,0,0,0,0,0,0,1.0,129.68229331853294,113.24591504120131,1
427,0,0,1,0,0,0,0,0,1,1,0,0,0,1,1.0,101.95912621455341,126.63112548274898,1
428,1,0,2,1,1,0,0,0,0,0,0,0,1,0,1.0,123.49703314941439,110.52745037656236,0
429,1,3,2,1,1,0,0,0,0,0,0,0,0,0,1.0,108.65195491994481,103.51201049282818,1
430,1,1,1,0,0,0,0,0,0,0,0,0,0,0,1.0,107.24255860229722,104.28975046158507,1
431,0,1,3,4,0,0,1,0,0,0,0,0,1,0,1.0,119.87513714598028,122.84531895152416,0
432,1,0,2,0,1,0,0,0,0,0,0,0,0,0,1.0,107.38189554972894,118.54654189948783,1
433,0,0,2,2,0,1,0,0,0,0,0,0,1,0,1.0,119.97577352677563,103.03368028368371,0
434,1,0,1,0,0,0,0,0,1,0,0,0,0,0,1.0,115.51925551606867,102.52320418344992,1
435,1,1,1,0,0,0,0,1,0,0,0,0,1,0,1.0,112.72266965307549,121.0290739437736,0
436,0,0,2,2,0,0,1,0,0,0,0,0,1,0,1.0,116.64063425984257,102.1828901909258,0
437,0,4,1,2,1,0,0,0,0,0,0,0,0,0,1.0,108.61154559758889,124.65580177871068,1
438,0,4,1,0,0,0,0,0,0,0,0,0,1,0,1.0,121.19724118818937,121.18726681469488,0
439,0,4,1,2,1,0,0,0,0,1,0,0,1,1,1.0,112.44570608000691,102.44046341925699,0
440,1,0,1,1,1,0,0,0,1,0,0,0,1,0,1.0,110.81636681457677,102.54513142255576,0
441,1,2,1,1,1,0,0,1,0,0,0,0,1,0,1.0,124.85970743667212,129.59918735503527,0
442,0,1,2,2,1,0,0,0,0,0,0,0,0,0,1.0,127.74900735859576,111.22812387268361,1
443,1,1,2,1,0,1,0,0,0,1,0,0,1,0,1.0,101.38021932661891,111.11926441200673,0
444,0,3,1,1,1,1,0,0,0,0,1,0,0,0,1.0,106.97880978489296,124.38398701772508,1
445,0,4,2,3,1,0,0,0,1,0,0,0,1,0,1.0,110.4555810847769,128.41745732151577,0
446,1,0,2,1,1,1,0,0,0,0,0,0,1,0,1.0,124.44899438110743,129.58003191468612,0
447,0,0,2,4,1,0,1,0,0,0,0,0,0,0,1.0,129.56474282929892,122.60134555776824,1
448,1,0,1,1,1,0,0,0,0,0,0,0,0,0,1.0,129.06915114011056,111.28778756592747,1
449,1,0,3,5,1,1,0,0,1,0,0,0,0,0,1.0,127.1484503664978,102.50502150096007,1
450,0,0,2,2,1,0,0,0,0,0,0,0,1,0,1.0,108.8966879519209,123.3144074778231,0
451,0,0,1,4,1,0,1,0,0,0,0,0,0,0,1.0,129.7603373024342,116.75212749207415,1
452,1,0,2,5,1,1,0,0,0,0,0,0,1,0,1.0,107.48260123169354,112.7266602774093,0
453,1,1,2,1,0,1,0,0,0,0,0,0,1,0,1.0,103.17718464646697,127.19063155284208,0
454,1,0,2,0,0,0,0,0,0,0,0,0,0,0,1.0,128.52857833166183,103.33592446918453,1
455,1,2,2,2,1,1,0,1,1,0,0,0,0,0,1.0,107.00260766404288,114.77875312872578,1
456,1,4,1,3,1,0,0,0,0,0,0,0,1,0,1.0,120.6930479523325,100.34060934302258,0
457,1,4,2,4,0,1,0,0,0,0,0,0,0,0,1.0,101.75069076941766,114.05981925982378,1
458,1,0,3,5,0,0,0,0,1,0,0,0,0,0,1.0,121.92127297382429,101.68909827045512,1
459,0,4,2,2,1,1,0,0,0,0,1,1,0,0,1.0,126.45160637001518,103.56453748804216,0
460,1,0,1,1,1,0,0,0,0,0,0,0,1,0,1.0,108.17310686397887,103.52578740331315,0
461,1,4,1,1,1,0,0,0,0,0,0,0,1,0,1.0,111.37170688232285,119.4763090634819,0
462,0,4,1,2,1,0,0,0,0,0,0,0,0,0,1.0,111.22888549962748,122.3813463779627,1
463,1,0,2,3,1,0,0,0,0,0,0,0,0,0,1.0,122.46364772620399,117.5010629529148,1
464,1,4,4,3,1,0,0,0,0,0,0,0,1,0,1.0,107.13421727617117,128.86517645423626,0
465,1,0,3,2,0,0,0,1,0,0,0,0,1,0,1.0,105.15559297142929,111.24611738571112,0
466,1,4,2,1,1,0,0,0,0,0,0,0,0,0,1.0,113.47874946063214,108.57136258845583,1
467,0,1,0,0,0,0,1,0,0,0,0,0,1,0,1.0,109.13405222131959,126.0579738456838,0
468,1,1,3,3,1,0,0,0,1,0,0,0,1,0,1.0,125.17567366775957,106.70787515558358,0
469,0,4,2,0,0,0,0,0,0,0,0,0,0,0,1.0,107.13225478046917,128.89667618321835,1
470,1,1,0,0,0,0,0,0,0,0,0,0,1,0,1.0,115.07168372467784,100.36463424069449,0
471,0,1,0,2,0,1,0,0,0,0,0,0,0,0,1.0,128.27750799093792,129.09636480122919,1
472,0,1,0,2,0,1,0,0,0,0,0,0,0,0,1.0,119.01993093233982,101.29479735851729,1
473,1,0,1,1,1,0,0,0,0,0,0,0,0,0,1.0,126.01868216387395,126.73429341094213,1
474,0,3,1,3,0,1,0,0,0,0,0,0,0,0,1.0,128.206290680643,115.831033272589,1
475,0,4,2,3,1,0,0,0,0,0,0,0,0,0,1.0,122.52294585659055,129.788943883579,1
476,0,1,1,0,0,0,0,0,0,0,0,0,0,0,1.0,120.98725180674253,102.21389694206196,1
477,1,1,1,0,1,0,0,0,0,0,0,0,0,0,1.0,129.0389669981268,116.61562853203962,1
478,1,1,1,1,1,0,0,0,0,0,0,0,1,0,1.0,129.83202368943037,129.07907606857296,0
479,1,0,3,4,1,1,0,0,0,1,1,0,0,1,1.0,113.55465048009279,115.69293532510446,1
480,1,3,1,1,1,0,0,0,0,0,0,0,1,0,1.0,102.12609334552626,118.88195914405787,0
481,1,2,1,1,1,0,0,0,1,0,0,0,0,0,1.0,108.78382094321557,120.87246066953851,1
482,1,1,2,1,1,0,1,0,1,0,1,0,0,0,1.0,104.57064117063192,113.6362319430332,1
483,0,4,2,0,0,0,0,0,0,0,0,0,0,0,1.0,112.52459124388035,118.8267424025219,1
484,1,3,2,3,1,0,0,0,1,0,0,0,0,0,1.0,103.93867985419769,117.529429357693,1
485,1,1,1,1,0,1,0,0,0,0,0,0,0,0,1.0,118.12353412062646,127.03474031472967,1
486,1,4,1,5,1,0,0,0,1,0,0,0,0,1,1.0,111.48424177473562,101.36339141024374,1
487,1,1,1,2,1,1,0,0,0,0,0,0,1,0,1.0,126.8615765286463,108.42889568776691,0
488,0,1,2,4,0,0,0,0,1,0,0,0,0,0,1.0,129.03384015395505,128.51234452229676,1
489,1,1,1,1,1,0,0,0,1,1,0,0,0,0,1.0,116.40654705008266,126.70791351672749,1
490,0,4,2,5,1,0,0,0,0,0,0,0,0,0,1.0,108.2447070960279,113.6697025835714,1
491,0,4,2,5,1,0,0,0,0,0,0,0,0,0,1.0,117.76691256285511,118.6039779340461,1
492,1,0,2,2,0,0,0,1,0,1,0,0,1,0,1.0,126.9028347467323,108.32143548943398,0
493,0,0,3,3,0,0,1,0,0,0,0,0,0,0,1.0,112.20200037507244,105.64363479171284,1
494,1,0,1,0,0,0,0,0,0,0,0,0,0,0,1.0,116.56234830075913,113.91095214819947,1
495,1,4,1,1,0,0,0,0,0,0,0,0,0,0,1.0,108.14958302818438,110.60056684078158,1
496,1,0,2,3,0,0,1,1,0,0,0,0,1,0,1.0,113.66332448350082,117.50968335552616,0
497,1,0,2,3,1,1,0,1,0,0,0,0,1,0,1.0,112.05140606138796,102.33203910894954,0
498,1,0,4,5,1,0,0,1,1,1,0,0,1,0,1.0,107.45240395248914,129.231844229985,0
499,0,1,2,0,1,0,1,0,0,1,0,0,0,0,1.0,115.17599151475925,129.5863223343881,1
500,0,0,2,2,1,0,1,0,0,0,0,0,1,0,1.0,109.31142477939434,120.94485142059236,0
501,1,4,2,3,1,0,0,0,0,0,0,0,0,0,1.0,111.19104591642242,116.08289099032362,1
502,0,4,2,4,1,0,1,0,0,0,0,0,0,0,1.0,115.74911326762793,109.28582848858983,1
503,1,0,2,4,0,0,1,0,0,0,0,0,1,0,1.0,122.51785068786963,124.41385059120846,0
504,1,1,1,2,1,0,0,0,0,0,0,0,0,0,1.0,110.00522397373825,120.54193517661638,1
505,1,1,1,2,1,0,0,0,0,0,0,0,0,0,1.0,127.72476299862291,104.87850818034674,1
506,0,4,1,3,1,0,0,0,0,0,0,0,0,0,1.0,125.86955640507708,127.32781553481527,1
507,1,0,2,2,0,0,0,1,1,0,0,0,0,0,1.0,101.46070887926585,124.67611728769506,1
508,0,1,0,0,0,0,0,0,0,0,0,0,0,0,1.0,107.60927572770468,128.49399739875773,1
509,1,4,2,3,0,0,0,0,1,0,0,0,0,0,1.0,113.38406537977606,121.7715852516508,1
510,1,4,2,5,1,0,0,1,1,0,0,0,0,1,1.0,103.13883666227423,118.4024558780737,1
511,1,0,2,1,1,0,0,0,1,0,0,0,1,0,1.0,110.45427967100491,112.54729108871857,0
512,0,4,2,5,1,0,0,0,0,0,0,0,0,0,1.0,122.20292576853048,127.9818545006204,1
513,1,1,2,0,0,0,0,0,0,0,0,0,0,0,1.0,120.41543443428478,125.98191668501225,1
514,0,0,1,0,0,0,0,0,0,0,0,0,0,0,1.0,118.67153285698015,101.35656010318569,1
515,1,1,1,0,0,0,0,0,0,0,0,0,0,0,1.0,121.31585208167037,100.79100923491757,1
516,1,1,1,0,1,0,0,0,0,0,0,0,0,0,1.0,106.14771060879106,111.29390100634149,1
517,1,0,2,1,1,0,0,0,0,0,0,0,1,0,1.0,110.25094344594197,124.31659992345499,0
518,1,0,0,1,1,0,0,0,0,0,0,0,0,0,1.0,120.28727446832389,129.61828387944834,1
519,0,2,2,5,0,0,1,0,0,0,0,0,0,0,1.0,126.3770428909398,104.51250673310585,1
520,1,1,3,5,0,0,0,1,0,0,0,0,1,0,1.0,116.31034161484286,117.82392146056405,0
521,1,1,0,0,0,0,0,0,0,0,0,0,0,0,1.0,108.4809895283661,111.42672569893065,1
522,0,1,2,1,1,0,0,0,0,0,0,0,0,0,1.0,100.90705774017948,129.0974319344381,1
523,0,1,0,1,0,0,0,0,0,0,0,0,0,0,1.0,121.3101048692264,125.26356769407126,1
524,1,2,1,2,1,0,0,1,0,0,0,0,1,1,1.0,100.23652310525321,125.14986114133413,0
525,1,1,2,4,0,1,0,0,0,0,0,0,0,0,1.0,111.18037209462986,114.06079479384911,1
526,1,1,0,0,0,0,0,0,0,0,0,0,0,0,1.0,115.91611643688346,112.44458507012996,1
527,0,2,1,3,1,0,1,0,0,0,0,0,0,0,1.0,127.66334385301579,108.20221215792118,1
528,1,1,2,2,0,1,0,0,0,0,0,0,1,0,1.0,102.684836350987,101.69126489952781,0
529,1,2,1,1,1,0,0,1,0,0,0,0,1,0,1.0,112.17826965904851,125.9416712876516,0
530,1,0,3,2,1,1,0,0,0,0,0,0,1,0,1.0,100.72939599130473,124.38703027390233,0
531,0,2,1,1,1,1,0,0,0,0,0,0,1,0,1.0,110.2783295302477,129.99153019858392,0
532,0,4,1,1,1,0,0,0,1,0,0,0,1,1,1.0,118.66693176519385,129.89910511221717,0
533,1,2,2,3,1,0,0,1,0,0,0,0,1,0,1.0,108.37203844685796,116.66295116807882,0
534,1,4,3,4,1,1,0,0,0,0,0,1,0,0,1.0,106.29249848966906,123.06962245541531,0
535,0,4,3,4,0,1,0,0,0,0,0,0,0,0,1.0,103.47109699981281,128.34297189647285,1
536,0,2,2,3,1,0,0,0,0,1,0,0,0,0,1.0,117.31420732061025,125.48942172032234,1
537,1,4,4,1,1,0,0,0,0,0,0,0,1,0,1.0,120.85810017714059,107.42044305229592,0
538,1,4,4,1,1,0,0,0,0,0,0,0,1,0,1.0,120.15871421787467,113.5163240593028,0
539,1,4,4,1,1,0,0,0,0,0,0,0,1,0,1.0,128.46583062161523,103.87478245454486,0
540,1,4,4,1,1,0,0,0,0,0,0,0,1,0,1.0,100.08109641680508,128.62153081776168,0
541,1,4,1,3,1,1,0,0,0,1,0,0,0,0,1.0,119.41589961682108,118.1852390335264,1
542,1,1,1,1,1,0,0,0,1,0,0,0,0,0,1.0,118.01176711292919,106.85928416510389,1
543,0,1,2,3,1,0,0,0,0,0,0,0,1,0,1.0,117.66218829910865,120.1510205321757,0
544,1,4,1,0,0,0,0,0,0,0,0,0,0,0,1.0,128.88310959520726,118.54384721373688,1
